,ID,CREATED_BY,CREATED_ON,UPDATED_BY,UPDATED_ON,DELETED,DISABLED,ADDEDFROMUI,UNIQUEKEY,ISCURRENT,NAME,OPTLOCKVER,VALID_FROM,VALID_TILL,INACTIVE,ISADMIN,LOCKED,PASSWORD,USERNAME,SUPERVISOR,FIRST_NAME,IS_MANAGER,LAST_NAME,MANAGER,ASSET_ID,phone numbers,Social Security number,DOB,email,address,city,state,zip
0,31,gladmin,12/10/2020 14:43,gladmin,12/10/2020 14:43,0,0,0,26d04379f776b97fb53dfe78ff146a95,0,HTHERRES,1,12/10/2020 0:00,12/31/9999 0:00,0,0,0,$shiro1$SHA-256$500000$U3pQ0HcxqLoxIbkTJauCRg==$grd6Ius19Rhg325BCU0cwO24F6lit0X5Rla0B5wb+vM=,HTHERRES,504,Helen,0,Therres,100058,4,5046218927,835-32-2618,10/17/1966,htherres@pth.com,6649 N Blue Gum St,New Orleans,LA,70116
1,32,gladmin,12/10/2020 14:43,gladmin,12/10/2020 14:43,0,0,0,75851ebf88dd7ce865d7ee7fb7dacb60,0,MPHILLION,1,12/10/2020 0:00,12/31/9999 0:00,0,0,0,$shiro1$SHA-256$500000$U3pQ0HcxqLoxIbkTJauCRg==$grd6Ius19Rhg325BCU0cwO24F6lit0X5Rla0B5wb+vM=,MPHILLION,1276,Michael,0,Phillion,100029,4,5046218928,911-70-9288,12/14/1993,mphillion@pth.com,4 B Blue Ridge Blvd,Brighton,MI,48116
2,33,gladmin,12/10/2020 14:43,gladmin,12/10/2020 14:43,0,0,0,f9dfe15f794e45809d16b9f1be261456,0,JNORI,1,12/10/2020 0:00,12/31/9999 0:00,0,0,0,$shiro1$SHA-256$500000$U3pQ0HcxqLoxIbkTJauCRg==$grd6Ius19Rhg325BCU0cwO24F6lit0X5Rla0B5wb+vM=,JNORI,2133,Judith,0,Nori,100028,4,5046218929,369-53-9164,2/11/1967,jnori@pth.com,8 W Cerritos Ave #54,Bridgeport,NJ,8014
3,34,gladmin,12/10/2020 14:43,gladmin,12/10/2020 14:43,0,0,0,6df9cd2ad41a761984736a084da09dd4,0,RTARNOWSKI,1,12/10/2020 0:00,12/31/9999 0:00,0,0,0,$shiro1$SHA-256$500000$U3pQ0HcxqLoxIbkTJauCRg==$grd6Ius19Rhg325BCU0cwO24F6lit0X5Rla0B5wb+vM=,RTARNOWSKI,2133,Rui,0,Tarnowski,100028,4,5046218930,715-56-9837,8/3/1966,rtarnowski@pth.com,639 Main St,Anchorage,AK,99501
4,35,gladmin,12/10/2020 14:43,gladmin,12/10/2020 14:43,0,0,0,8de7f05a79c737e5951dc2867cd833bf,0,BKUWABARA,1,12/10/2020 0:00,12/31/9999 0:00,0,0,0,$shiro1$SHA-256$500000$U3pQ0HcxqLoxIbkTJauCRg==$grd6Ius19Rhg325BCU0cwO24F6lit0X5Rla0B5wb+vM=,BKUWABARA,1276,Brent,0,Kuwabara,100029,4,5046218931,906-04-3061,5/28/1976,bkuwabara@pth.com,34 Center St,Hamilton,OH,45011
5,36,gladmin,12/10/2020 14:43,gladmin,12/10/2020 14:43,0,0,0,b32da4e82e2491f31c4e47bee3426aba,0,LSOBERING,1,12/10/2020 0:00,12/31/9999 0:00,0,0,0,$shiro1$SHA-256$500000$U3pQ0HcxqLoxIbkTJauCRg==$grd6Ius19Rhg325BCU0cwO24F6lit0X5Rla0B5wb+vM=,LSOBERING,2167,Larry,0,Sobering,100027,4,5046218932,781-11-5713,3/26/1988,lsobering@pth.com,3 Mcauley Dr,Ashland,OH,44805
6,37,gladmin,12/10/2020 14:43,gladmin,12/10/2020 14:43,0,0,0,c819bd35771d29e6968062cde7cacd1c,0,MAYER-21,1,12/10/2020 0:00,12/31/9999 0:00,0,0,0,$shiro1$SHA-256$500000$U3pQ0HcxqLoxIbkTJauCRg==$grd6Ius19Rhg325BCU0cwO24F6lit0X5Rla0B5wb+vM=,MAYER-21,2167,Melanie,0,Mayer,100027,4,5046218933,219-93-6856,9/11/1974,mmayer@pth.com,7 Eads St,Chicago,IL,60632
7,38,gladmin,12/10/2020 14:43,gladmin,12/10/2020 14:43,0,0,0,d3cbcb3a8f16caaabf6a6159cb12547b,0,RJARCHE,1,12/10/2020 0:00,12/31/9999 0:00,0,0,0,$shiro1$SHA-256$500000$U3pQ0HcxqLoxIbkTJauCRg==$grd6Ius19Rhg325BCU0cwO24F6lit0X5Rla0B5wb+vM=,RJARCHE,2133,Rick,0,Jarche,100028,4,5046218934,475-70-4125,9/18/1967,rjarche@pth.com,7 W Jackson Blvd,San Jose,CA,95111
8,39,gladmin,12/10/2020 14:43,gladmin,12/10/2020 14:43,0,0,0,7c01ca1f68fdfc4d7fc3d83b613a2b4a,0,RCF_MGRASS,1,12/10/2020 0:00,12/31/9999 0:00,0,0,0,$shiro1$SHA-256$500000$U3pQ0HcxqLoxIbkTJauCRg==$grd6Ius19Rhg325BCU0cwO24F6lit0X5Rla0B5wb+vM=,RCF_MGRASS,1683,Manager,0,Assistant,100101,4,5046218935,929-99-3060,4/2/1993,massistant@pth.com,5 Boston Ave #88,Sioux Falls,SD,57105
9,40,gladmin,12/10/2020 14:43,gladmin,12/10/2020 14:43,0,0,0,fe4c68428747c3e879330cdd58dfd17f,0,EBEAL,1,12/10/2020 0:00,12/31/9999 0:00,0,0,0,$shiro1$SHA-256$500000$U3pQ0HcxqLoxIbkTJauCRg==$grd6Ius19Rhg325BCU0cwO24F6lit0X5Rla0B5wb+vM=,EBEAL,504,Emile,0,Beal,100058,4,5046218936,842-76-9697,6/6/1979,ebeal@pth.com,228 Runamuck Pl #2808,Baltimore,MD,21224
10,41,gladmin,12/10/2020 14:43,gladmin,12/10/2020 14:43,0,0,0,c0f43cfdde23c91a94cddebfe75f71cc,0,P25099417,1,12/10/2020 0:00,12/31/9999 0:00,0,0,0,$shiro1$SHA-256$500000$U3pQ0HcxqLoxIbkTJauCRg==$grd6Ius19Rhg325BCU0cwO24F6lit0X5Rla0B5wb+vM=,P25099417,1276,Ruth,0,Cabrera,100029,4,5046218937,934-70-3054,7/19/1987,rcabrera@pth.com,2371 Jerrold Ave,Kulpsville,PA,19443
11,42,gladmin,12/10/2020 14:43,gladmin,12/10/2020 14:43,0,0,0,66a35f855599883ab1a67e416c64dcf8,0,CGALDES,1,12/10/2020 0:00,12/31/9999 0:00,0,0,0,$shiro1$SHA-256$500000$U3pQ0HcxqLoxIbkTJauCRg==$grd6Ius19Rhg325BCU0cwO24F6lit0X5Rla0B5wb+vM=,CGALDES,2133,Chad,0,Galdes,100028,4,5046218938,582-98-5177,2/14/1979,cgaldes@pth.com,37275 St  Rt 17m M,Middle Island,NY,11953
12,43,gladmin,12/10/2020 14:43,gladmin,12/10/2020 14:43,0,0,0,920e231a373a557583d010754c7eb512,0,HHSIEH,1,12/10/2020 0:00,12/31/9999 0:00,0,0,0,$shiro1$SHA-256$500000$U3pQ0HcxqLoxIbkTJauCRg==$grd6Ius19Rhg325BCU0cwO24F6lit0X5Rla0B5wb+vM=,HHSIEH,1276,Howard,0,Hsieh,100029,4,5046218939,378-99-5023,1/28/1969,hhsieh@pth.com,25 E 75th St #69,Los Angeles,CA,90034
13,44,gladmin,12/10/2020 14:43,gladmin,12/10/2020 14:43,0,0,0,51e0b31e69db2fba9638667d649b669f,0,EKLOPP,1,12/10/2020 0:00,12/31/9999 0:00,0,0,0,$shiro1$SHA-256$500000$U3pQ0HcxqLoxIbkTJauCRg==$grd6Ius19Rhg325BCU0cwO24F6lit0X5Rla0B5wb+vM=,EKLOPP,1276,Earl,0,Klopp,100029,4,5046218940,979-32-0069,10/9/1977,eklopp@pth.com,98 Connecticut Ave Nw,Chagrin Falls,OH,44023
14,45,gladmin,12/10/2020 14:43,gladmin,12/10/2020 14:43,0,0,0,6eed797bf8eae1536cddbf191022d110,0,SMURRAY,1,12/10/2020 0:00,12/31/9999 0:00,0,0,0,$shiro1$SHA-256$500000$U3pQ0HcxqLoxIbkTJauCRg==$grd6Ius19Rhg325BCU0cwO24F6lit0X5Rla0B5wb+vM=,SMURRAY,2167,Scott,0,Murray,100027,4,5046218941,311-42-6910,1/11/1995,smurray@pth.com,56 E Morehead St,Laredo,TX,78045
15,46,gladmin,12/10/2020 14:43,gladmin,12/10/2020 14:43,0,0,0,585f15d255306b9213a9aea222fcb721,0,EMASKELL,1,12/10/2020 0:00,12/31/9999 0:00,0,0,0,$shiro1$SHA-256$500000$U3pQ0HcxqLoxIbkTJauCRg==$grd6Ius19Rhg325BCU0cwO24F6lit0X5Rla0B5wb+vM=,EMASKELL,2167,Ernie,0,Maskell,100027,4,5046218942,996-40-4039,8/18/1985,emaskell@pth.com,73 State Road 434 E,Phoenix,AZ,85013
16,47,gladmin,12/10/2020 14:43,gladmin,12/10/2020 14:43,0,0,0,7fbb87f8decec3b96e3fdc82519dc56a,0,CMR-02,1,12/10/2020 0:00,12/31/9999 0:00,0,0,0,$shiro1$SHA-256$500000$U3pQ0HcxqLoxIbkTJauCRg==$grd6Ius19Rhg325BCU0cwO24F6lit0X5Rla0B5wb+vM=,CMR-02,2167,,0,CMR-02,100027,4,5046218943,750-39-8871,12/21/1995,cmr-02@pth.com,69734 E Carrillo St,Mc Minnville,TN,37110
17,48,gladmin,12/10/2020 14:43,gladmin,12/10/2020 14:43,0,0,0,410efefcb2378a1abf14a9911327d236,0,JCORMIER,1,12/10/2020 0:00,12/31/9999 0:00,0,0,0,$shiro1$SHA-256$500000$U3pQ0HcxqLoxIbkTJauCRg==$grd6Ius19Rhg325BCU0cwO24F6lit0X5Rla0B5wb+vM=,JCORMIER,1276,Jay,0,Cormier,100029,4,5046218944,696-77-0647,9/9/1985,jcormier@pth.com,322 New Horizon Blvd,Milwaukee,WI,53207
18,49,gladmin,12/10/2020 14:43,gladmin,12/10/2020 14:43,0,0,0,3da69ad8dc56da95937d6642fa662730,0,BDILION,1,12/10/2020 0:00,12/31/9999 0:00,0,0,0,$shiro1$SHA-256$500000$U3pQ0HcxqLoxIbkTJauCRg==$grd6Ius19Rhg325BCU0cwO24F6lit0X5Rla0B5wb+vM=,BDILION,504,Beatrice,0,Dilion,100058,4,5046218945,461-97-6449,1/5/1974,bdilion@pth.com,1 State Route 27,Taylor,MI,48180
19,50,gladmin,12/10/2020 14:43,gladmin,12/10/2020 14:43,0,0,0,d564d3ebf62106e5249e5a99cd73726a,0,GKRMPOTIC,1,12/10/2020 0:00,12/31/9999 0:00,0,0,0,$shiro1$SHA-256$500000$U3pQ0HcxqLoxIbkTJauCRg==$grd6Ius19Rhg325BCU0cwO24F6lit0X5Rla0B5wb+vM=,GKRMPOTIC,2167,Gary,0,Krmpotic,100027,4,5046218946,599-48-1513,3/11/1991,gkrmpotic@pth.com,394 Manchester Blvd,Rockford,IL,61109
20,51,gladmin,12/10/2020 14:43,gladmin,12/10/2020 14:43,0,0,0,87cbe671017a8947fcb43da4c3c8e6d4,0,WWALLAGE,1,12/10/2020 0:00,12/31/9999 0:00,0,0,0,$shiro1$SHA-256$500000$U3pQ0HcxqLoxIbkTJauCRg==$grd6Ius19Rhg325BCU0cwO24F6lit0X5Rla0B5wb+vM=,WWALLAGE,2133,Wayne,0,Wallage,100028,4,5046218947,410-42-7728,8/5/1981,wwallage@pth.com,6 S 33rd St,Aston,PA,19014
21,52,gladmin,12/10/2020 14:43,gladmin,12/10/2020 14:43,0,0,0,7f9e9acc3d7d3deb18249e1178e42df2,0,CHOMAN,1,12/10/2020 0:00,12/31/9999 0:00,0,0,0,$shiro1$SHA-256$500000$U3pQ0HcxqLoxIbkTJauCRg==$grd6Ius19Rhg325BCU0cwO24F6lit0X5Rla0B5wb+vM=,CHOMAN,2133,Chuck,0,Homan,100028,4,5046218948,518-34-3353,10/1/1990,choman@pth.com,6 Greenleaf Ave,San Jose,CA,95111
22,53,gladmin,12/10/2020 14:43,gladmin,12/10/2020 14:43,0,0,0,3def7c783884c801f9b0dc66bb3341f2,0,DFONG,1,12/10/2020 0:00,12/31/9999 0:00,0,0,0,$shiro1$SHA-256$500000$U3pQ0HcxqLoxIbkTJauCRg==$grd6Ius19Rhg325BCU0cwO24F6lit0X5Rla0B5wb+vM=,DFONG,504,Dan,0,Fong,100058,4,5046218949,601-11-2807,6/23/1971,dfong@pth.com,618 W Yakima Ave,Irving,TX,75062
23,54,gladmin,12/10/2020 14:43,gladmin,12/10/2020 14:43,0,0,0,51ff07a2156ce9ad69a9056bae77e030,0,C5129456,1,12/10/2020 0:00,12/31/9999 0:00,0,0,0,$shiro1$SHA-256$500000$U3pQ0HcxqLoxIbkTJauCRg==$grd6Ius19Rhg325BCU0cwO24F6lit0X5Rla0B5wb+vM=,C5129456,504,Pablo,0,Chiale,100058,4,5046218950,412-57-8594,4/28/1982,pchiale@pth.com,74 S Westgate St,Albany,NY,12204
24,55,gladmin,12/10/2020 14:43,gladmin,12/10/2020 14:43,0,0,0,ce2004f5215cde5a1107678473b3295f,0,FELIXL,1,12/10/2020 0:00,12/31/9999 0:00,0,0,0,$shiro1$SHA-256$500000$U3pQ0HcxqLoxIbkTJauCRg==$grd6Ius19Rhg325BCU0cwO24F6lit0X5Rla0B5wb+vM=,FELIXL,1683,Lisa,0,Felix,100101,4,5046218951,367-33-4705,12/9/1989,lfelix@pth.com,3273 State St,Middlesex,NJ,8846
25,56,gladmin,12/10/2020 14:43,gladmin,12/10/2020 14:43,0,0,0,4743db5b29f621a3b0a98e6785159ebd,0,KMARSEILLE,1,12/10/2020 0:00,12/31/9999 0:00,0,0,0,$shiro1$SHA-256$500000$U3pQ0HcxqLoxIbkTJauCRg==$grd6Ius19Rhg325BCU0cwO24F6lit0X5Rla0B5wb+vM=,KMARSEILLE,2133,Kerwin,0,Marseille,100028,4,5046218952,740-75-0810,10/23/1989,kmarseille@pth.com,1 Central Ave,Stevens Point,WI,54481
26,57,gladmin,12/10/2020 14:43,gladmin,12/10/2020 14:43,0,0,0,75c89193461b136fd0e62609796acfdb,0,EKENNELL,1,12/10/2020 0:00,12/31/9999 0:00,0,0,0,$shiro1$SHA-256$500000$U3pQ0HcxqLoxIbkTJauCRg==$grd6Ius19Rhg325BCU0cwO24F6lit0X5Rla0B5wb+vM=,EKENNELL,1683,Erich,0,Kennell,100101,4,5046218953,365-58-1742,12/1/1975,ekennell@pth.com,86 Nw 66th St #8673,Shawnee,KS,66218
27,58,gladmin,12/10/2020 14:43,gladmin,12/10/2020 14:43,0,0,0,642b1de824edb5d070a7d9893f708d5c,0,VTOME_P,1,12/10/2020 0:00,12/31/9999 0:00,0,0,0,$shiro1$SHA-256$500000$U3pQ0HcxqLoxIbkTJauCRg==$grd6Ius19Rhg325BCU0cwO24F6lit0X5Rla0B5wb+vM=,VTOME_P,2167,Val,0,Tome (PORTUGUESE),100027,4,5046218954,546-75-7620,12/19/1993,vtome (portuguese)@pth.com,2 Cedar Ave #84,Easton,MD,21601
28,59,gladmin,12/10/2020 14:43,gladmin,12/10/2020 14:43,0,0,0,d128a8558702f4cfecbe8997a5639a63,0,APILON,1,12/10/2020 0:00,12/31/9999 0:00,0,0,0,$shiro1$SHA-256$500000$U3pQ0HcxqLoxIbkTJauCRg==$grd6Ius19Rhg325BCU0cwO24F6lit0X5Rla0B5wb+vM=,APILON,1276,Alan,0,Pilon,100029,4,5046218955,981-46-7680,12/6/1984,apilon@pth.com,90991 Thorburn Ave,New York,NY,10011
29,60,gladmin,12/10/2020 14:43,gladmin,12/10/2020 14:43,0,0,0,5e2dd21c640c31bd8e9f497492139658,0,70041,1,12/10/2020 0:00,12/31/9999 0:00,0,0,0,$shiro1$SHA-256$500000$U3pQ0HcxqLoxIbkTJauCRg==$grd6Ius19Rhg325BCU0cwO24F6lit0X5Rla0B5wb+vM=,70041,1683,Billy,0,Black,100101,4,5046218956,240-07-9986,12/16/1971,bblack@pth.com,386 9th Ave N,Conroe,TX,77301
30,89,gladmin,12/10/2020 14:43,gladmin,12/10/2020 14:43,0,0,0,f3949ce3a2e8467de3acf92fd6301091,0,RCOOK,1,12/10/2020 0:00,12/31/9999 0:00,0,0,0,$shiro1$SHA-256$500000$U3pQ0HcxqLoxIbkTJauCRg==$grd6Ius19Rhg325BCU0cwO24F6lit0X5Rla0B5wb+vM=,RCOOK,2167,Roger,0,Cook,100027,4,5046218957,366-25-1753,5/5/1973,rcook@pth.com,74874 Atlantic Ave,Columbus,OH,43215
31,90,gladmin,12/10/2020 14:43,gladmin,12/10/2020 14:43,0,0,0,c4d86421d732b2ba9a89f4cf0d10cc0b,0,ZIMMERMANNJ,1,12/10/2020 0:00,12/31/9999 0:00,0,0,0,$shiro1$SHA-256$500000$U3pQ0HcxqLoxIbkTJauCRg==$grd6Ius19Rhg325BCU0cwO24F6lit0X5Rla0B5wb+vM=,ZIMMERMANNJ,504,Joseph,0,Zimmermann,100058,4,5046218958,389-08-0773,5/26/1988,jzimmermann@pth.com,366 South Dr,Las Cruces,NM,88011
32,91,gladmin,12/10/2020 14:43,gladmin,12/10/2020 14:43,0,0,0,e56849b835d232b5bbebe863ef0f3324,0,63360E64DF1,1,12/10/2020 0:00,12/31/9999 0:00,0,0,0,$shiro1$SHA-256$500000$U3pQ0HcxqLoxIbkTJauCRg==$grd6Ius19Rhg325BCU0cwO24F6lit0X5Rla0B5wb+vM=,63360E64DF1,2167,,0,Duhlen,100027,4,5046218959,166-44-4917,8/29/1974,duhlen@pth.com,45 E Liberty St,Ridgefield Park,NJ,7660
33,92,gladmin,12/10/2020 14:43,gladmin,12/10/2020 14:43,0,0,0,143b9729b536837f1758ca24eb9b9b85,0,PSAILS,1,12/10/2020 0:00,12/31/9999 0:00,0,0,0,$shiro1$SHA-256$500000$U3pQ0HcxqLoxIbkTJauCRg==$grd6Ius19Rhg325BCU0cwO24F6lit0X5Rla0B5wb+vM=,PSAILS,1276,Pamela,0,Sails,100029,4,5046218960,977-04-5318,7/6/1970,psails@pth.com,4 Ralph Ct,Dunellen,NJ,8812
34,93,gladmin,12/10/2020 14:43,gladmin,12/10/2020 14:43,0,0,0,b5c91c54a24da982f45cbeeabc093be2,0,SSP_ADMIN,1,12/10/2020 0:00,12/31/9999 0:00,0,0,0,$shiro1$SHA-256$500000$U3pQ0HcxqLoxIbkTJauCRg==$grd6Ius19Rhg325BCU0cwO24F6lit0X5Rla0B5wb+vM=,SSP_ADMIN,1683,Ullrich,0,Admin,100101,4,5046218961,251-81-1690,11/23/1994,uadmin@pth.com,2742 Distribution Way,New York,NY,10025
35,94,gladmin,12/10/2020 14:43,gladmin,12/10/2020 14:43,0,0,0,5ebd364287dd9d971631b0bb66b1cd15,0,NLANE,1,12/10/2020 0:00,12/31/9999 0:00,0,0,0,$shiro1$SHA-256$500000$U3pQ0HcxqLoxIbkTJauCRg==$grd6Ius19Rhg325BCU0cwO24F6lit0X5Rla0B5wb+vM=,NLANE,1276,Nancy,0,Lane,100029,4,5046218962,753-19-4619,3/23/1991,nlane@pth.com,426 Wolf St,Metairie,LA,70002
36,95,gladmin,12/10/2020 14:43,gladmin,12/10/2020 14:43,0,0,0,b3093f6b0ee98c3cd78876e77baf0385,0,VMURPHY,1,12/10/2020 0:00,12/31/9999 0:00,0,0,0,$shiro1$SHA-256$500000$U3pQ0HcxqLoxIbkTJauCRg==$grd6Ius19Rhg325BCU0cwO24F6lit0X5Rla0B5wb+vM=,VMURPHY,2133,Veronica,0,Murphy,100028,4,5046218963,864-53-5803,5/24/1966,vmurphy@pth.com,128 Bransten Rd,New York,NY,10011
37,96,gladmin,12/10/2020 14:43,gladmin,12/10/2020 14:43,0,0,0,1b9c2a9af13101de43238f9cdb10ba7c,0,JCHOI,1,12/10/2020 0:00,12/31/9999 0:00,0,0,0,$shiro1$SHA-256$500000$U3pQ0HcxqLoxIbkTJauCRg==$grd6Ius19Rhg325BCU0cwO24F6lit0X5Rla0B5wb+vM=,JCHOI,504,Julia,0,Choi,100058,4,5046218964,563-78-5478,11/4/1979,jchoi@pth.com,17 Morena Blvd,Camarillo,CA,93012
38,97,gladmin,12/10/2020 14:43,gladmin,12/10/2020 14:43,0,0,0,385c71fbbb19ea82fc93493688f16481,0,JMOKRY,1,12/10/2020 0:00,12/31/9999 0:00,0,0,0,$shiro1$SHA-256$500000$U3pQ0HcxqLoxIbkTJauCRg==$grd6Ius19Rhg325BCU0cwO24F6lit0X5Rla0B5wb+vM=,JMOKRY,504,John,0,Mokry,100058,4,5046218965,666-90-4412,7/30/1979,jmokry@pth.com,775 W 17th St,San Antonio,TX,78204
39,98,gladmin,12/10/2020 14:43,gladmin,12/10/2020 14:43,0,0,0,6772428c9f9996326248ec162d99eded,0,13502,1,12/10/2020 0:00,12/31/9999 0:00,0,0,0,$shiro1$SHA-256$500000$U3pQ0HcxqLoxIbkTJauCRg==$grd6Ius19Rhg325BCU0cwO24F6lit0X5Rla0B5wb+vM=,13502,504,Paolo,0,Masorati,100058,4,5046218966,765-17-9205,3/23/1988,pmasorati@pth.com,6980 Dorsett Rd,Abilene,KS,67410
40,99,gladmin,12/10/2020 14:43,gladmin,12/10/2020 14:43,0,0,0,4286ee113925e9bdf20f761f7f937f7b,0,VTILLING,1,12/10/2020 0:00,12/31/9999 0:00,0,0,0,$shiro1$SHA-256$500000$U3pQ0HcxqLoxIbkTJauCRg==$grd6Ius19Rhg325BCU0cwO24F6lit0X5Rla0B5wb+vM=,VTILLING,504,Victoria,0,Tilling,100058,4,5046218967,507-01-1697,12/19/1970,vtilling@pth.com,2881 Lewis Rd,Prineville,OR,97754
41,100,gladmin,12/10/2020 14:43,gladmin,12/10/2020 14:43,0,0,0,63b08bae7986064c507e946e8e1fb798,0,GJACKSON,1,12/10/2020 0:00,12/31/9999 0:00,0,0,0,$shiro1$SHA-256$500000$U3pQ0HcxqLoxIbkTJauCRg==$grd6Ius19Rhg325BCU0cwO24F6lit0X5Rla0B5wb+vM=,GJACKSON,1683,Gary,0,Jackson,100101,4,5046218968,932-95-9133,6/17/1994,gjackson@pth.com,7219 Woodfield Rd,Overland Park,KS,66204
42,101,gladmin,12/10/2020 14:43,gladmin,12/10/2020 14:43,0,0,0,30129763cc8208f57b83098bb8119ef2,0,LPARR,1,12/10/2020 0:00,12/31/9999 0:00,0,0,0,$shiro1$SHA-256$500000$U3pQ0HcxqLoxIbkTJauCRg==$grd6Ius19Rhg325BCU0cwO24F6lit0X5Rla0B5wb+vM=,LPARR,1683,Laura,0,Parr,100101,4,5046218969,278-73-0662,2/25/1990,lparr@pth.com,1048 Main St,Fairbanks,AK,99708
43,102,gladmin,12/10/2020 14:43,gladmin,12/10/2020 14:43,0,0,0,e41314a79534e8cc812bef215434b2d1,0,EPROCVIAT,1,12/10/2020 0:00,12/31/9999 0:00,0,0,0,$shiro1$SHA-256$500000$U3pQ0HcxqLoxIbkTJauCRg==$grd6Ius19Rhg325BCU0cwO24F6lit0X5Rla0B5wb+vM=,EPROCVIAT,1276,Elise,0,Procviat,100029,4,5046218970,916-16-2311,6/4/1986,eprocviat@pth.com,678 3rd Ave,Miami,FL,33196
44,103,gladmin,12/10/2020 14:43,gladmin,12/10/2020 14:43,0,0,0,5f4264cceed747af8337bd832667307f,0,RRUBERT,1,12/10/2020 0:00,12/31/9999 0:00,0,0,0,$shiro1$SHA-256$500000$U3pQ0HcxqLoxIbkTJauCRg==$grd6Ius19Rhg325BCU0cwO24F6lit0X5Rla0B5wb+vM=,RRUBERT,1683,Ray,0,Rubert,100101,4,5046218971,277-64-0602,4/9/1991,rrubert@pth.com,20 S Babcock St,Fairbanks,AK,99712
45,104,gladmin,12/10/2020 14:43,gladmin,12/10/2020 14:43,0,0,0,a493bfa00b97217402d3d5d343a9b780,0,RCLEMENTS,1,12/10/2020 0:00,12/31/9999 0:00,0,0,0,$shiro1$SHA-256$500000$U3pQ0HcxqLoxIbkTJauCRg==$grd6Ius19Rhg325BCU0cwO24F6lit0X5Rla0B5wb+vM=,RCLEMENTS,2167,Randy,0,Clements,100027,4,5046218972,866-12-0129,8/23/1965,rclements@pth.com,2 Lighthouse Ave,Hopkins,MN,55343
46,105,gladmin,12/10/2020 14:43,gladmin,12/10/2020 14:43,0,0,0,9aeadb579bac840b27b05611e3098fc1,0,GMACNEIL,1,12/10/2020 0:00,12/31/9999 0:00,0,0,0,$shiro1$SHA-256$500000$U3pQ0HcxqLoxIbkTJauCRg==$grd6Ius19Rhg325BCU0cwO24F6lit0X5Rla0B5wb+vM=,GMACNEIL,1683,Greg,0,MacNeil,100101,4,5046218973,971-97-6960,12/20/1981,gmacneil@pth.com,38938 Park Blvd,Boston,MA,2128
47,106,gladmin,12/10/2020 14:43,gladmin,12/10/2020 14:43,0,0,0,d9d5f74d1a380e835a9791f93399aab6,0,HRADMGRP-99,1,12/10/2020 0:00,12/31/9999 0:00,0,0,0,$shiro1$SHA-256$500000$U3pQ0HcxqLoxIbkTJauCRg==$grd6Ius19Rhg325BCU0cwO24F6lit0X5Rla0B5wb+vM=,HRADMGRP-99,504,Harriet,0,Human Resources,100058,4,5046218974,322-12-6923,12/19/1990,hhuman resources@pth.com,5 Tomahawk Dr,Los Angeles,CA,90006
48,107,gladmin,12/10/2020 14:43,gladmin,12/10/2020 14:43,0,0,0,8a471ba88da2f6b5b29c84ef5395f21e,0,EHOARD,1,12/10/2020 0:00,12/31/9999 0:00,0,0,0,$shiro1$SHA-256$500000$U3pQ0HcxqLoxIbkTJauCRg==$grd6Ius19Rhg325BCU0cwO24F6lit0X5Rla0B5wb+vM=,EHOARD,1276,Elaine,0,Hoard,100029,4,5046218975,334-15-6681,6/22/1973,ehoard@pth.com,762 S Main St,Madison,WI,53711
49,108,gladmin,12/10/2020 14:43,gladmin,12/10/2020 14:43,0,0,0,2f68d091eaeaa9befc13bce90c7489dc,0,RMATHEWS,1,12/10/2020 0:00,12/31/9999 0:00,0,0,0,$shiro1$SHA-256$500000$U3pQ0HcxqLoxIbkTJauCRg==$grd6Ius19Rhg325BCU0cwO24F6lit0X5Rla0B5wb+vM=,RMATHEWS,2133,Rick,0,Mathews,100028,4,5046218976,245-02-0773,4/10/1979,rmathews@pth.com,209 Decker Dr,Philadelphia,PA,19132
50,109,gladmin,12/10/2020 14:43,gladmin,12/10/2020 14:43,0,0,0,3805e6568086154bc8bf758c293ec585,0,HENKE,1,12/10/2020 0:00,12/31/9999 0:00,0,0,0,$shiro1$SHA-256$500000$U3pQ0HcxqLoxIbkTJauCRg==$grd6Ius19Rhg325BCU0cwO24F6lit0X5Rla0B5wb+vM=,HENKE,1276,Lutz,0,Henke,100029,4,5046218977,889-78-6432,3/3/1994,lhenke@pth.com,4486 W O St #1,New York,NY,10003
51,110,gladmin,12/10/2020 14:43,gladmin,12/10/2020 14:43,0,0,0,203c0687cddd2b3ad144bceb3c384895,0,LUDLOW,1,12/10/2020 0:00,12/31/9999 0:00,0,0,0,$shiro1$SHA-256$500000$U3pQ0HcxqLoxIbkTJauCRg==$grd6Ius19Rhg325BCU0cwO24F6lit0X5Rla0B5wb+vM=,LUDLOW,1683,Thomas,0,McDonald,100101,4,5046218978,599-52-4949,8/28/1987,tmcdonald@pth.com,39 S 7th St,Tullahoma,TN,37388
52,111,gladmin,12/10/2020 14:43,gladmin,12/10/2020 14:43,0,0,0,37ed36b4a700c252e851aa2bda99e3d3,0,BC407_USER,1,12/10/2020 0:00,12/31/9999 0:00,0,0,0,$shiro1$SHA-256$500000$U3pQ0HcxqLoxIbkTJauCRg==$grd6Ius19Rhg325BCU0cwO24F6lit0X5Rla0B5wb+vM=,BC407_USER,2133,,0,BC407_USER,100028,4,5046218979,545-21-5549,2/28/1978,bc407_user@pth.com,98839 Hawthorne Blvd #6101,Columbia,SC,29201
53,112,gladmin,12/10/2020 14:43,gladmin,12/10/2020 14:43,0,0,0,29fe31ff4c17cddc513576ad0c6a6751,0,SIMONEJ,1,12/10/2020 0:00,12/31/9999 0:00,0,0,0,$shiro1$SHA-256$500000$U3pQ0HcxqLoxIbkTJauCRg==$grd6Ius19Rhg325BCU0cwO24F6lit0X5Rla0B5wb+vM=,SIMONEJ,2167,Jacob,0,Simone,100027,4,5046218980,316-89-1173,6/8/1985,jsimone@pth.com,71 San Mateo Ave,Wayne,PA,19087
54,113,gladmin,12/10/2020 14:43,gladmin,12/10/2020 14:43,0,0,0,187d6ad09239b3a90a5ba5e3ab220336,0,RKENNEDY,1,12/10/2020 0:00,12/31/9999 0:00,0,0,0,$shiro1$SHA-256$500000$U3pQ0HcxqLoxIbkTJauCRg==$grd6Ius19Rhg325BCU0cwO24F6lit0X5Rla0B5wb+vM=,RKENNEDY,2133,Robert,0,Kennedy,100028,4,5046218981,782-78-3910,11/5/1973,rkennedy@pth.com,76 Brooks St #9,Flemington,NJ,8822
55,114,gladmin,12/10/2020 14:43,gladmin,12/10/2020 14:43,0,0,0,4c21e420fb38a5afe9ba2780eeb510a9,0,YPLUMB,1,12/10/2020 0:00,12/31/9999 0:00,0,0,0,$shiro1$SHA-256$500000$U3pQ0HcxqLoxIbkTJauCRg==$grd6Ius19Rhg325BCU0cwO24F6lit0X5Rla0B5wb+vM=,YPLUMB,1683,YSR,0,Plumb,100101,4,5046218982,117-29-1887,2/15/1970,yplumb@pth.com,4545 Courthouse Rd,Westbury,NY,11590
56,115,gladmin,12/10/2020 14:43,gladmin,12/10/2020 14:43,0,0,0,905621b596f58f2f147351faffbc7a13,0,KOWALV,1,12/10/2020 0:00,12/31/9999 0:00,0,0,0,$shiro1$SHA-256$500000$U3pQ0HcxqLoxIbkTJauCRg==$grd6Ius19Rhg325BCU0cwO24F6lit0X5Rla0B5wb+vM=,KOWALV,1276,Vaughan,0,Kowal,100029,4,5046218983,651-17-7729,2/4/1966,vkowal@pth.com,14288 Foster Ave #4121,Jenkintown,PA,19046
57,116,gladmin,12/10/2020 14:43,gladmin,12/10/2020 14:43,0,0,0,bf785e87a91628a8f01237a04dd410e0,0,ILINCOURT,1,12/10/2020 0:00,12/31/9999 0:00,0,0,0,$shiro1$SHA-256$500000$U3pQ0HcxqLoxIbkTJauCRg==$grd6Ius19Rhg325BCU0cwO24F6lit0X5Rla0B5wb+vM=,ILINCOURT,2167,Ian,0,Lincourt,100027,4,5046218984,860-64-0865,11/27/1980,ilincourt@pth.com,4 Otis St,Van Nuys,CA,91405
58,117,gladmin,12/10/2020 14:43,gladmin,12/10/2020 14:43,0,0,0,cd9f8f023a63a90ac163e1d420b02011,0,FMAMDANI,1,12/10/2020 0:00,12/31/9999 0:00,0,0,0,$shiro1$SHA-256$500000$U3pQ0HcxqLoxIbkTJauCRg==$grd6Ius19Rhg325BCU0cwO24F6lit0X5Rla0B5wb+vM=,FMAMDANI,1276,Frank,0,Mamdani,100029,4,5046218985,490-07-3016,6/4/1987,fmamdani@pth.com,65895 S 16th St,Providence,RI,2909
59,118,gladmin,12/10/2020 14:43,gladmin,12/10/2020 14:43,0,0,0,8d3c0a9fee965da1d0262b3f1a554ff9,0,LTHOMPSON,1,12/10/2020 0:00,12/31/9999 0:00,0,0,0,$shiro1$SHA-256$500000$U3pQ0HcxqLoxIbkTJauCRg==$grd6Ius19Rhg325BCU0cwO24F6lit0X5Rla0B5wb+vM=,LTHOMPSON,2133,Lauren,0,Thompson,100028,4,5046218986,689-94-2575,11/22/1980,lthompson@pth.com,14302 Pennsylvania Ave,Huntingdon Valley,PA,19006
60,119,gladmin,12/10/2020 14:43,gladmin,12/10/2020 14:43,0,0,0,2879c26567b049aedb49dcb1c4cc911b,0,D850A6CD0F1,1,12/10/2020 0:00,12/31/9999 0:00,0,0,0,$shiro1$SHA-256$500000$U3pQ0HcxqLoxIbkTJauCRg==$grd6Ius19Rhg325BCU0cwO24F6lit0X5Rla0B5wb+vM=,D850A6CD0F1,2167,,0,Hutchins,100027,4,5046218987,566-42-1315,12/11/1970,hutchins@pth.com,201 Hawk Ct,Providence,RI,2904
61,120,gladmin,12/10/2020 14:43,gladmin,12/10/2020 14:43,0,0,0,b1c72a68ff901e93ac2e3a1e2e8a755d,0,RDUNCAN,1,12/10/2020 0:00,12/31/9999 0:00,0,0,0,$shiro1$SHA-256$500000$U3pQ0HcxqLoxIbkTJauCRg==$grd6Ius19Rhg325BCU0cwO24F6lit0X5Rla0B5wb+vM=,RDUNCAN,1276,Richard,0,Duncan,100029,4,5046218988,125-72-8603,6/18/1991,rduncan@pth.com,53075 Sw 152nd Ter #615,Monroe Township,NJ,8831
62,121,gladmin,12/10/2020 14:43,gladmin,12/10/2020 14:43,0,0,0,a933dcec5b7205b1b5fce6f6b4236810,0,MAYER-15,1,12/10/2020 0:00,12/31/9999 0:00,0,0,0,$shiro1$SHA-256$500000$U3pQ0HcxqLoxIbkTJauCRg==$grd6Ius19Rhg325BCU0cwO24F6lit0X5Rla0B5wb+vM=,MAYER-15,1683,Melanie,0,Mayer,100101,4,5046218989,398-95-1748,5/20/1968,mmayer@pth.com,59 N Groesbeck Hwy,Austin,TX,78731
63,122,gladmin,12/10/2020 14:43,gladmin,12/10/2020 14:43,0,0,0,7a1e590ce4cad1891f6f91cb2e6ba315,0,RLEBLANC,1,12/10/2020 0:00,12/31/9999 0:00,0,0,0,$shiro1$SHA-256$500000$U3pQ0HcxqLoxIbkTJauCRg==$grd6Ius19Rhg325BCU0cwO24F6lit0X5Rla0B5wb+vM=,RLEBLANC,1276,Ron,0,LeBlanc,100029,4,5046218990,109-96-1669,5/5/1987,rleblanc@pth.com,2664 Lewis Rd,Littleton,CO,80126
64,123,gladmin,12/10/2020 14:43,gladmin,12/10/2020 14:43,0,0,0,e50455489966e1a1523fad8378fab9d3,0,ECKERS,1,12/10/2020 0:00,12/31/9999 0:00,0,0,0,$shiro1$SHA-256$500000$U3pQ0HcxqLoxIbkTJauCRg==$grd6Ius19Rhg325BCU0cwO24F6lit0X5Rla0B5wb+vM=,ECKERS,2133,Silke,0,Ecker,100028,4,5046218991,930-44-7342,8/12/1992,secker@pth.com,59 Shady Ln #53,Milwaukee,WI,53214
65,124,gladmin,12/10/2020 14:43,gladmin,12/10/2020 14:43,0,0,0,25f23bdb0d8b73a62327d5deabda9cac,0,ESIKORSKY,1,12/10/2020 0:00,12/31/9999 0:00,0,0,0,$shiro1$SHA-256$500000$U3pQ0HcxqLoxIbkTJauCRg==$grd6Ius19Rhg325BCU0cwO24F6lit0X5Rla0B5wb+vM=,ESIKORSKY,2167,Ed,0,Sikorsky,100027,4,5046218992,990-62-5838,1/18/1987,esikorsky@pth.com,3305 Nabell Ave #679,New York,NY,10009
66,125,gladmin,12/10/2020 14:43,gladmin,12/10/2020 14:43,0,0,0,591484c8fee386e03fda3d95c4d45ec3,0,KING,1,12/10/2020 0:00,12/31/9999 0:00,0,0,0,$shiro1$SHA-256$500000$U3pQ0HcxqLoxIbkTJauCRg==$grd6Ius19Rhg325BCU0cwO24F6lit0X5Rla0B5wb+vM=,KING,2167,Kelly,0,King,100027,4,5046218993,482-01-1747,9/23/1980,kking@pth.com,18 Fountain St,Anchorage,AK,99515
67,126,gladmin,12/10/2020 14:43,gladmin,12/10/2020 14:43,0,0,0,766c7a7e2c144ebf661877a536f53dcb,0,70071,1,12/10/2020 0:00,12/31/9999 0:00,0,0,0,$shiro1$SHA-256$500000$U3pQ0HcxqLoxIbkTJauCRg==$grd6Ius19Rhg325BCU0cwO24F6lit0X5Rla0B5wb+vM=,70071,2133,Catherine,0,Duval,100028,4,5046218994,333-08-0088,5/17/1995,cduval@pth.com,7 W 32nd St,Erie,PA,16502
68,127,gladmin,12/10/2020 14:43,gladmin,12/10/2020 14:43,0,0,0,068d0030a5cdb2b89726310235b3af8c,0,GPHIPPS,1,12/10/2020 0:00,12/31/9999 0:00,0,0,0,$shiro1$SHA-256$500000$U3pQ0HcxqLoxIbkTJauCRg==$grd6Ius19Rhg325BCU0cwO24F6lit0X5Rla0B5wb+vM=,GPHIPPS,2167,Gianni,0,Phipps,100027,4,5046218995,882-81-3518,6/12/1967,gphipps@pth.com,2853 S Central Expy,Glen Burnie,MD,21061
69,128,gladmin,12/10/2020 14:43,gladmin,12/10/2020 14:43,0,0,0,730a3eed6f6af247749fe4e271d5bdcd,0,A7450B8CDE1,1,12/10/2020 0:00,12/31/9999 0:00,0,0,0,$shiro1$SHA-256$500000$U3pQ0HcxqLoxIbkTJauCRg==$grd6Ius19Rhg325BCU0cwO24F6lit0X5Rla0B5wb+vM=,A7450B8CDE1,2133,,0,_____,100028,4,5046218996,179-84-0795,9/4/1971,_____@pth.com,74 W College St,Boise,ID,83707
70,129,gladmin,12/10/2020 14:43,gladmin,12/10/2020 14:43,0,0,0,8152bbb4c81e6790dcdc35c7575b9855,0,EHOGAN,1,12/10/2020 0:00,12/31/9999 0:00,0,0,0,$shiro1$SHA-256$500000$U3pQ0HcxqLoxIbkTJauCRg==$grd6Ius19Rhg325BCU0cwO24F6lit0X5Rla0B5wb+vM=,EHOGAN,504,Ed,0,Hogan,100058,4,5046218997,996-29-8087,11/6/1975,ehogan@pth.com,701 S Harrison Rd,San Francisco,CA,94104
71,130,gladmin,12/10/2020 14:43,gladmin,12/10/2020 14:43,0,0,0,57df4144b5c74dabd85f251eb16a300f,0,HBLEAU,1,12/10/2020 0:00,12/31/9999 0:00,0,0,0,$shiro1$SHA-256$500000$U3pQ0HcxqLoxIbkTJauCRg==$grd6Ius19Rhg325BCU0cwO24F6lit0X5Rla0B5wb+vM=,HBLEAU,2167,Henry,0,Bleau,100027,4,5046218998,985-68-5163,4/23/1974,hbleau@pth.com,1088 Pinehurst St,Chapel Hill,NC,27514
72,131,gladmin,12/10/2020 14:43,gladmin,12/10/2020 14:43,0,0,0,38abcc74cf88d64945c18dea0800f85c,0,TMIDDLETON,1,12/10/2020 0:00,12/31/9999 0:00,0,0,0,$shiro1$SHA-256$500000$U3pQ0HcxqLoxIbkTJauCRg==$grd6Ius19Rhg325BCU0cwO24F6lit0X5Rla0B5wb+vM=,TMIDDLETON,504,Tim,0,Middleton,100058,4,5046218999,478-85-6400,9/19/1993,tmiddleton@pth.com,30 W 80th St #1995,San Carlos,CA,94070
73,132,gladmin,12/10/2020 14:43,gladmin,12/10/2020 14:43,0,0,0,b94fd92d4ca7d31ad1aa749f3a86dd2b,0,DA5E588E1D1,1,12/10/2020 0:00,12/31/9999 0:00,0,0,0,$shiro1$SHA-256$500000$U3pQ0HcxqLoxIbkTJauCRg==$grd6Ius19Rhg325BCU0cwO24F6lit0X5Rla0B5wb+vM=,DA5E588E1D1,1276,,0,Richard,100029,4,5046219000,256-44-0373,7/14/1982,richard@pth.com,20932 Hedley St,Concord,CA,94520
74,133,gladmin,12/10/2020 14:43,gladmin,12/10/2020 14:43,0,0,0,be668a3fe8f0f117d808514ec676803f,0,FGONZALEZ,1,12/10/2020 0:00,12/31/9999 0:00,0,0,0,$shiro1$SHA-256$500000$U3pQ0HcxqLoxIbkTJauCRg==$grd6Ius19Rhg325BCU0cwO24F6lit0X5Rla0B5wb+vM=,FGONZALEZ,1276,Fiona,0,Gonzalez,100029,4,5046219001,110-91-8448,11/28/1974,fgonzalez@pth.com,2737 Pistorio Rd #9230,London,OH,43140
75,134,gladmin,12/10/2020 14:43,gladmin,12/10/2020 14:43,0,0,0,5aabbbde31448ec747c176fef36e2e9f,0,WLUC,1,12/10/2020 0:00,12/31/9999 0:00,0,0,0,$shiro1$SHA-256$500000$U3pQ0HcxqLoxIbkTJauCRg==$grd6Ius19Rhg325BCU0cwO24F6lit0X5Rla0B5wb+vM=,WLUC,2167,Wayne,0,Luc,100027,4,5046219002,847-13-5775,11/20/1993,wluc@pth.com,74989 Brandon St,Wellsville,NY,14895
76,135,gladmin,12/10/2020 14:43,gladmin,12/10/2020 14:43,0,0,0,502b5a852483bc4dacb8dadcb92a9783,0,MEYERSJ,1,12/10/2020 0:00,12/31/9999 0:00,0,0,0,$shiro1$SHA-256$500000$U3pQ0HcxqLoxIbkTJauCRg==$grd6Ius19Rhg325BCU0cwO24F6lit0X5Rla0B5wb+vM=,MEYERSJ,2167,Jonathan,0,Meyers,100027,4,5046219003,877-79-8319,7/2/1995,jmeyers@pth.com,6 Kains Ave,Baltimore,MD,21215
77,136,gladmin,12/10/2020 14:43,gladmin,12/10/2020 14:43,0,0,0,6d7fb1f40b18f620100e4347a1caddd3,0,WILSOND,1,12/10/2020 0:00,12/31/9999 0:00,0,0,0,$shiro1$SHA-256$500000$U3pQ0HcxqLoxIbkTJauCRg==$grd6Ius19Rhg325BCU0cwO24F6lit0X5Rla0B5wb+vM=,WILSOND,2133,Daniela,0,Wilson,100028,4,5046219004,277-62-3388,3/18/1977,dwilson@pth.com,47565 W Grand Ave,Newark,NJ,7105
78,137,gladmin,12/10/2020 14:43,gladmin,12/10/2020 14:43,0,0,0,696aaa77b861bc3bf6fecdae97795756,0,SCM-04,1,12/10/2020 0:00,12/31/9999 0:00,0,0,0,$shiro1$SHA-256$500000$U3pQ0HcxqLoxIbkTJauCRg==$grd6Ius19Rhg325BCU0cwO24F6lit0X5Rla0B5wb+vM=,SCM-04,2167,,0,SCM-04,100027,4,5046219005,636-45-8822,10/22/1971,scm-04@pth.com,4284 Dorigo Ln,Chicago,IL,60647
79,138,gladmin,12/10/2020 14:43,gladmin,12/10/2020 14:43,0,0,0,038c8bb442585e41e0c72daf69345235,0,PPOPE,1,12/10/2020 0:00,12/31/9999 0:00,0,0,0,$shiro1$SHA-256$500000$U3pQ0HcxqLoxIbkTJauCRg==$grd6Ius19Rhg325BCU0cwO24F6lit0X5Rla0B5wb+vM=,PPOPE,1683,Pam,0,Pope,100101,4,5046219006,538-66-7524,10/14/1995,ppope@pth.com,6794 Lake Dr E,Newark,NJ,7104
80,139,gladmin,12/10/2020 14:43,gladmin,12/10/2020 14:43,0,0,0,dbcd9a36217612c95dcf331941508f68,0,SMCEACHERN,1,12/10/2020 0:00,12/31/9999 0:00,0,0,0,$shiro1$SHA-256$500000$U3pQ0HcxqLoxIbkTJauCRg==$grd6Ius19Rhg325BCU0cwO24F6lit0X5Rla0B5wb+vM=,SMCEACHERN,2167,Susan,0,McEachern,100027,4,5046219007,693-62-3030,1/3/1982,smceachern@pth.com,31 Douglas Blvd #950,Clovis,NM,88101
81,140,gladmin,12/10/2020 14:43,gladmin,12/10/2020 14:43,0,0,0,21ef5ee43406cecefc09ca1d22d0b0b8,0,P00001024,1,12/10/2020 0:00,12/31/9999 0:00,0,0,0,$shiro1$SHA-256$500000$U3pQ0HcxqLoxIbkTJauCRg==$grd6Ius19Rhg325BCU0cwO24F6lit0X5Rla0B5wb+vM=,P00001024,2167,Johann,0,Smith,100027,4,5046219008,339-96-9437,3/16/1972,jsmith@pth.com,44 W 4th St,Staten Island,NY,10309
82,141,gladmin,12/10/2020 14:43,gladmin,12/10/2020 14:43,0,0,0,f7f3c675b7e47c90686ba90e3a406d06,0,VOLVOA,1,12/10/2020 0:00,12/31/9999 0:00,0,0,0,$shiro1$SHA-256$500000$U3pQ0HcxqLoxIbkTJauCRg==$grd6Ius19Rhg325BCU0cwO24F6lit0X5Rla0B5wb+vM=,VOLVOA,504,Arnold,0,VA Volvo,100058,4,5046219009,919-95-5250,11/14/1986,ava volvo@pth.com,11279 Loytan St,Jacksonville,FL,32254
83,142,gladmin,12/10/2020 14:43,gladmin,12/10/2020 14:43,0,0,0,7e4f604e67707361c09f176576c095ab,0,C5092241,1,12/10/2020 0:00,12/31/9999 0:00,0,0,0,$shiro1$SHA-256$500000$U3pQ0HcxqLoxIbkTJauCRg==$grd6Ius19Rhg325BCU0cwO24F6lit0X5Rla0B5wb+vM=,C5092241,2133,Tatsiana,0,Staraverava,100028,4,5046219010,463-27-5094,6/20/1994,tstaraverava@pth.com,69 Marquette Ave,Hayward,CA,94545
84,143,gladmin,12/10/2020 14:43,gladmin,12/10/2020 14:43,0,0,0,c8051f403784943932f21bd643fe8401,0,70065,1,12/10/2020 0:00,12/31/9999 0:00,0,0,0,$shiro1$SHA-256$500000$U3pQ0HcxqLoxIbkTJauCRg==$grd6Ius19Rhg325BCU0cwO24F6lit0X5Rla0B5wb+vM=,70065,504,Jacqueline,0,Drolet,100058,4,5046219011,958-52-6975,12/25/1977,jdrolet@pth.com,70 W Main St,Beachwood,OH,44122
85,144,gladmin,12/10/2020 14:43,gladmin,12/10/2020 14:43,0,0,0,a9da2a05e1ac429bcddf81e04cc3fcf9,0,PITTENTRANS,1,12/10/2020 0:00,12/31/9999 0:00,0,0,0,$shiro1$SHA-256$500000$U3pQ0HcxqLoxIbkTJauCRg==$grd6Ius19Rhg325BCU0cwO24F6lit0X5Rla0B5wb+vM=,PITTENTRANS,1276,,0,PITTENTRANS,100029,4,5046219012,642-65-8538,5/4/1969,pittentrans@pth.com,461 Prospect Pl #316,Euless,TX,76040
86,145,gladmin,12/10/2020 14:43,gladmin,12/10/2020 14:43,0,0,0,5cf86f4c24400ea965d942ed2166be31,0,JBLACK,1,12/10/2020 0:00,12/31/9999 0:00,0,0,0,$shiro1$SHA-256$500000$U3pQ0HcxqLoxIbkTJauCRg==$grd6Ius19Rhg325BCU0cwO24F6lit0X5Rla0B5wb+vM=,JBLACK,1276,John,0,Black,100029,4,5046219013,533-00-9385,9/2/1989,jblack@pth.com,47154 Whipple Ave Nw,Gardena,CA,90247
87,61,gladmin,12/10/2020 14:43,gladmin,12/10/2020 14:43,0,0,0,42b845c5130e071c80453c6f3d69da52,0,LTERCIER,1,12/10/2020 0:00,12/31/9999 0:00,0,0,0,$shiro1$SHA-256$500000$U3pQ0HcxqLoxIbkTJauCRg==$grd6Ius19Rhg325BCU0cwO24F6lit0X5Rla0B5wb+vM=,LTERCIER,2167,Leonard,0,Tercier,100027,4,5046219014,828-12-6454,5/12/1992,ltercier@pth.com,37 Alabama Ave,Evanston,IL,60201
88,62,gladmin,12/10/2020 14:43,gladmin,12/10/2020 14:43,0,0,0,75701d86f80537f2cdac224994c29459,0,70007,1,12/10/2020 0:00,12/31/9999 0:00,0,0,0,$shiro1$SHA-256$500000$U3pQ0HcxqLoxIbkTJauCRg==$grd6Ius19Rhg325BCU0cwO24F6lit0X5Rla0B5wb+vM=,70007,504,Pierre,0,Couturier,100058,4,5046219015,964-89-0772,3/24/1973,pcouturier@pth.com,3777 E Richmond St #900,Akron,OH,44302
89,63,gladmin,12/10/2020 14:43,gladmin,12/10/2020 14:43,0,0,0,50a6014888819417862e34018b1274f3,0,LSKRYP,1,12/10/2020 0:00,12/31/9999 0:00,0,0,0,$shiro1$SHA-256$500000$U3pQ0HcxqLoxIbkTJauCRg==$grd6Ius19Rhg325BCU0cwO24F6lit0X5Rla0B5wb+vM=,LSKRYP,504,Linda,0,Skryp,100058,4,5046219016,958-62-4751,7/23/1984,lskryp@pth.com,3 Fort Worth Ave,Philadelphia,PA,19106
90,64,gladmin,12/10/2020 14:43,gladmin,12/10/2020 14:43,0,0,0,bce40976c9dd516903affe53d5432d28,0,WSTUBBS,1,12/10/2020 0:00,12/31/9999 0:00,0,0,0,$shiro1$SHA-256$500000$U3pQ0HcxqLoxIbkTJauCRg==$grd6Ius19Rhg325BCU0cwO24F6lit0X5Rla0B5wb+vM=,WSTUBBS,2167,Wendel,0,Stubbs,100027,4,5046219017,108-19-0964,5/5/1977,wstubbs@pth.com,4800 Black Horse Pike,Burlingame,CA,94010
91,65,gladmin,12/10/2020 14:43,gladmin,12/10/2020 14:43,0,0,0,4f4c8ef05778e21fedc9647d7d2d9585,0,ISTUART,1,12/10/2020 0:00,12/31/9999 0:00,0,0,0,$shiro1$SHA-256$500000$U3pQ0HcxqLoxIbkTJauCRg==$grd6Ius19Rhg325BCU0cwO24F6lit0X5Rla0B5wb+vM=,ISTUART,1683,IBM,0,Stuart,100101,4,5046219018,933-28-6640,4/21/1991,istuart@pth.com,83649 W Belmont Ave,San Gabriel,CA,91776
92,66,gladmin,12/10/2020 14:43,gladmin,12/10/2020 14:43,0,0,0,ebd45bd5e71a1f512f9e9119f3d6bd06,0,GLUNAN,1,12/10/2020 0:00,12/31/9999 0:00,0,0,0,$shiro1$SHA-256$500000$U3pQ0HcxqLoxIbkTJauCRg==$grd6Ius19Rhg325BCU0cwO24F6lit0X5Rla0B5wb+vM=,GLUNAN,504,Garth,0,Lunan,100058,4,5046219019,750-91-7673,8/5/1986,glunan@pth.com,840 15th Ave,Waco,TX,76708
93,67,gladmin,12/10/2020 14:43,gladmin,12/10/2020 14:43,0,0,0,c1f46ea7362c04b36acaa91b3518ced0,0,C5144616,1,12/10/2020 0:00,12/31/9999 0:00,0,0,0,$shiro1$SHA-256$500000$U3pQ0HcxqLoxIbkTJauCRg==$grd6Ius19Rhg325BCU0cwO24F6lit0X5Rla0B5wb+vM=,C5144616,1276,Imre,0,Matyas,100029,4,5046219020,508-29-9489,12/17/1985,imatyas@pth.com,1747 Calle Amanecer #2,Anchorage,AK,99501
94,68,gladmin,12/10/2020 14:43,gladmin,12/10/2020 14:43,0,0,0,2b19d09758fa1c0ed5e24a7dca15d0ea,0,KHUBBARD,1,12/10/2020 0:00,12/31/9999 0:00,0,0,0,$shiro1$SHA-256$500000$U3pQ0HcxqLoxIbkTJauCRg==$grd6Ius19Rhg325BCU0cwO24F6lit0X5Rla0B5wb+vM=,KHUBBARD,1683,Kerry,0,Hubbard,100101,4,5046219021,978-36-8457,9/21/1995,khubbard@pth.com,99385 Charity St #840,San Jose,CA,95110
95,69,gladmin,12/10/2020 14:43,gladmin,12/10/2020 14:43,0,0,0,4ebe6f8f79dd7954c6566e526f3d931c,0,BDIFRUSCIA,1,12/10/2020 0:00,12/31/9999 0:00,0,0,0,$shiro1$SHA-256$500000$U3pQ0HcxqLoxIbkTJauCRg==$grd6Ius19Rhg325BCU0cwO24F6lit0X5Rla0B5wb+vM=,BDIFRUSCIA,1276,Brian,0,Difruscia,100029,4,5046219022,436-53-8159,11/17/1983,bdifruscia@pth.com,68556 Central Hwy,San Leandro,CA,94577
96,70,gladmin,12/10/2020 14:43,gladmin,12/10/2020 14:43,0,0,0,2b46f7cfdddc54eb21df814c9fbf1f0a,0,CBECKER,1,12/10/2020 0:00,12/31/9999 0:00,0,0,0,$shiro1$SHA-256$500000$U3pQ0HcxqLoxIbkTJauCRg==$grd6Ius19Rhg325BCU0cwO24F6lit0X5Rla0B5wb+vM=,CBECKER,2133,Charlene,0,M Becker,100028,4,5046219023,916-27-0226,1/3/1995,cm becker@pth.com,55 Riverside Ave,Indianapolis,IN,46202
97,71,gladmin,12/10/2020 14:43,gladmin,12/10/2020 14:43,0,0,0,d52825c5105d477c3845bd35e3dedb24,0,CKALWAY,1,12/10/2020 0:00,12/31/9999 0:00,0,0,0,$shiro1$SHA-256$500000$U3pQ0HcxqLoxIbkTJauCRg==$grd6Ius19Rhg325BCU0cwO24F6lit0X5Rla0B5wb+vM=,CKALWAY,1683,Chris,0,Kalway,100101,4,5046219024,402-38-9586,5/7/1989,ckalway@pth.com,7140 University Ave,Rock Springs,WY,82901
98,72,gladmin,12/10/2020 14:43,gladmin,12/10/2020 14:43,0,0,0,d85c56c677618146e4f38e307d8ea96c,0,PMCDONNELL,1,12/10/2020 0:00,12/31/9999 0:00,0,0,0,$shiro1$SHA-256$500000$U3pQ0HcxqLoxIbkTJauCRg==$grd6Ius19Rhg325BCU0cwO24F6lit0X5Rla0B5wb+vM=,PMCDONNELL,1276,Paul,0,McDonnell,100029,4,5046219025,981-27-7771,1/20/1974,pmcdonnell@pth.com,64 5th Ave #1153,Mc Lean,VA,22102
99,73,gladmin,12/10/2020 14:43,gladmin,12/10/2020 14:43,0,0,0,c75164a9f04ad3e4d4e6d24744443143,0,LUTZH,1,12/10/2020 0:00,12/31/9999 0:00,0,0,0,$shiro1$SHA-256$500000$U3pQ0HcxqLoxIbkTJauCRg==$grd6Ius19Rhg325BCU0cwO24F6lit0X5Rla0B5wb+vM=,LUTZH,2133,Henri,0,Lutz,100028,4,5046219026,948-82-3564,3/22/1979,hlutz@pth.com,3 Secor Rd,New Orleans,LA,70112
